{"window": [0.5054, 0.8234857142857138, 1.3003, 2.2204, 3.5360428571428564, 5.339957142857142], "livingroom": [27.154, 29.4243, 31.2745, 33.2177, 35.4811, 37.7136], "bedroom": [8.1783, 9.2624, 10.1853, 11.3083, 12.72, 14.3574], "toilet": [2.4159, 3.1652, 3.7236, 4.3177, 4.8254, 5.544], "bathroom": [4.7596, 5.779, 6.6413, 7.2924, 8.0168, 9.0471], "utility": [5.208685714285714, 6.22735714285714, 7.085985714285711, 8.238185714285704, 10.344628571428569, 13.178171428571401], "energy": [680.31]}