{"window": [0.5044, 0.823, 1.3013, 2.2206, 3.5291, 5.3224], "livingroom": [27.4166, 29.6711, 31.5666, 33.3842, 35.5143, 37.7647], "bedroom": [8.1547, 9.2817, 10.227, 11.3083, 12.6766, 14.392], "toilet": [2.4864, 3.20557, 3.7961, 4.32379, 4.8259, 5.5299], "bathroom": [4.7784, 5.8275, 6.6468, 7.3488, 8.0678, 9.089], "utility": [5.211, 6.2583, 7.09, 8.1766, 10.385, 13.2958], "energy": [614.938, 659.0, 701.374, 777.622]}
