{"window": [0.5031, 0.8233, 1.298428571428571, 2.2162714285714284, 3.5305, 5.329028571428562], "livingroom": [27.1519, 29.329, 31.2388, 33.0656, 35.4323, 37.6421], "bedroom": [8.2287, 9.2629, 10.1764, 11.2923, 12.6938, 14.2592], "toilet": [2.3888, 3.1292, 3.6882, 4.2846, 4.809, 5.5003], "bathroom": [4.7872, 5.7453, 6.5854, 7.2637, 7.9677, 9.0233], "utility": [5.1615, 6.156785714285713, 7.065799999999997, 8.185671428571407, 10.320114285714284, 13.196199999999962], "energy": [617.99, 662.34, 704.85, 783.63]}